                  epoch,        train/giou_loss,         train/cls_loss,          train/l1_loss,   metrics/precision(B),      metrics/recall(B),       metrics/mAP50(B),    metrics/mAP50-95(B),          val/giou_loss,           val/cls_loss,            val/l1_loss,                 lr/pg0,                 lr/pg1,                 lr/pg2
                      1,                 1.8054,                0.29114,                0.45276,                0.33529,                0.03697,                0.03028,                0.00806,                 1.5184,                0.40805,                0.30704,               0.019231,              8.085e-05,              8.085e-05
                      2,                 1.4108,                 0.4796,                0.24842,                0.14316,                0.12023,                0.09451,                0.04241,                 1.1978,                0.54294,                0.18653,                 0.0001,                 0.0001,                 0.0001
                      3,                 1.2416,                0.53462,                0.18752,                0.21924,                0.14339,                 0.1304,                0.06617,                 1.0943,                0.55199,                0.15499,                 0.0001,                 0.0001,                 0.0001
                      4,                 1.1648,                0.54584,                0.16163,                0.26971,                0.18196,                0.16313,                0.08344,                 1.0444,                0.55664,                0.13909,                 0.0001,                 0.0001,                 0.0001
                      5,                 1.1149,                0.54808,                0.14841,                0.31289,                0.20685,                0.18474,                0.09819,                  0.992,                0.56259,                0.12951,                 0.0001,                 0.0001,                 0.0001
                      6,                 1.0763,                0.54985,                0.13813,                0.33307,                0.22861,                0.21105,                0.11508,                0.96419,                0.56054,                0.12371,                 0.0001,                 0.0001,                 0.0001
                      7,                 1.0482,                0.55107,                0.13106,                0.34522,                0.24939,                0.22926,                0.12689,                 0.9316,                0.56566,                0.11429,                 0.0001,                 0.0001,                 0.0001
                      8,                 1.0279,                0.54966,                0.12431,                0.37084,                0.25313,                0.24158,                 0.1358,                0.90648,                0.56783,                0.10961,                 0.0001,                 0.0001,                 0.0001
                      9,                 1.0074,                0.54851,                 0.1213,                0.38362,                0.26451,                0.25302,                 0.1439,                0.89211,                0.56512,                0.10667,                 0.0001,                 0.0001,                 0.0001
                     10,                 0.9898,                0.54967,                0.11624,                0.39032,                0.27222,                0.26189,                0.14958,                0.87867,                0.56551,                0.10418,                 0.0001,                 0.0001,                 0.0001
                     11,                0.97728,                0.54954,                0.11328,                0.39342,                0.28165,                0.26945,                0.15443,                0.86927,                 0.5665,                0.10254,                 0.0001,                 0.0001,                 0.0001
                     12,                0.96001,                0.55251,                0.11054,                0.39959,                 0.2834,                0.27548,                0.15874,                0.86155,                0.56609,                0.10045,                 0.0001,                 0.0001,                 0.0001
                     13,                0.95199,                0.54932,                0.10634,                0.40654,                0.28788,                0.28033,                0.16191,                0.85679,                0.56587,                0.09957,                 0.0001,                 0.0001,                 0.0001
                     14,                0.94105,                0.54952,                0.10608,                0.41478,                0.29156,                0.28631,                0.16592,                0.85105,                0.56557,                0.09837,                 0.0001,                 0.0001,                 0.0001
                     15,                0.92599,                0.55041,                0.10254,                0.42089,                0.29455,                0.29025,                0.16904,                0.84564,                0.56559,                0.09742,                 0.0001,                 0.0001,                 0.0001
                     16,                0.91872,                0.54932,                0.10154,                0.42307,                0.29809,                0.29503,                0.17246,                0.84102,                0.56504,                0.09713,                 0.0001,                 0.0001,                 0.0001
                     17,                0.90761,                0.55022,                0.09964,                0.42956,                0.30281,                0.30109,                 0.1761,                0.83504,                0.56477,                0.09601,                 0.0001,                 0.0001,                 0.0001
                     18,                 0.9003,                0.55077,                0.09796,                0.43247,                0.30685,                0.30718,                0.18032,                 0.8303,                0.56458,                0.09528,                 0.0001,                 0.0001,                 0.0001
                     19,                0.89412,                0.54854,                0.09609,                0.43069,                0.31254,                 0.3119,                0.18342,                0.82268,                0.56493,                0.09393,                 0.0001,                 0.0001,                 0.0001
                     20,                0.89095,                 0.5473,                0.09479,                0.43211,                0.31642,                0.31665,                0.18637,                 0.8164,                0.56519,                0.09267,                 0.0001,                 0.0001,                 0.0001
                     22,                0.88181,                0.54654,                0.09415,                0.44768,                0.32233,                0.32446,                0.19175,                0.80601,                0.56365,                0.09075,                 0.0001,                 0.0001,                 0.0001
                     23,                0.87175,                 0.5476,                0.09308,                0.44847,                0.32717,                0.32801,                0.19408,                0.80015,                  0.564,                0.08977,                 0.0001,                 0.0001,                 0.0001
                     24,                 0.8691,                0.54426,                0.09175,                0.45496,                0.33144,                0.33186,                 0.1966,                0.79479,                0.56417,                0.08865,                 0.0001,                 0.0001,                 0.0001
                     25,                0.86819,                0.54423,                0.09096,                 0.4582,                0.33497,                0.33568,                0.19914,                0.79011,                0.56437,                 0.0874,                 0.0001,                 0.0001,                 0.0001
                     26,                0.85781,                 0.5462,                0.08886,                0.46647,                0.33509,                0.33914,                0.20136,                 0.7855,                0.56442,                0.08662,                 0.0001,                 0.0001,                 0.0001
                     27,                0.85329,                0.54434,                0.08785,                0.47409,                0.33783,                0.34342,                0.20456,                0.78035,                0.56445,                0.08543,                 0.0001,                 0.0001,                 0.0001
                     28,                0.84708,                0.54427,                0.08798,                0.48668,                0.33958,                 0.3482,                 0.2076,                0.77541,                0.56408,                0.08439,                 0.0001,                 0.0001,                 0.0001
                     29,                0.84451,                0.54339,                0.08641,                0.48703,                0.34349,                0.35203,                0.21063,                 0.7711,                0.56353,                0.08371,                 0.0001,                 0.0001,                 0.0001
                     30,                0.84301,                0.54291,                0.08669,                0.48739,                0.34623,                0.35471,                0.21225,                0.76619,                0.56342,                0.08269,                 0.0001,                 0.0001,                 0.0001
                     31,                0.83262,                0.54399,                0.08556,                0.49341,                0.34455,                0.35791,                0.21432,                0.76192,                0.56355,                0.08207,                 0.0001,                 0.0001,                 0.0001
                     32,                0.83013,                0.54483,                0.08463,                0.49925,                0.34541,                0.35934,                 0.2155,                0.75784,                0.56339,                0.08139,                 0.0001,                 0.0001,                 0.0001
                     33,                0.83082,                0.54254,                0.08311,                0.49951,                0.34974,                0.36331,                0.21815,                0.75497,                0.56331,                0.08106,                 0.0001,                 0.0001,                 0.0001
                     34,                0.82579,                0.54216,                0.08387,                 0.5039,                0.35055,                0.36473,                0.21917,                0.75154,                0.56344,                0.08052,                 0.0001,                 0.0001,                 0.0001
                     35,                0.81947,                0.54287,                0.08292,                0.50553,                 0.3524,                0.36683,                 0.2209,                0.74828,                0.56302,                 0.0799,                 0.0001,                 0.0001,                 0.0001
                     36,                0.82045,                0.54074,                 0.0824,                0.51185,                0.35062,                0.36946,                0.22263,                0.74527,                0.56285,                0.07939,                 0.0001,                 0.0001,                 0.0001
                     37,                0.82174,                0.53862,                 0.0834,                 0.5061,                0.35831,                0.37295,                0.22504,                0.74163,                 0.5632,                0.07893,                 0.0001,                 0.0001,                 0.0001
                     38,                0.81256,                0.54037,                0.08119,                0.50734,                0.36024,                0.37485,                0.22618,                0.73865,                0.56326,                0.07823,                 0.0001,                 0.0001,                 0.0001
                     39,                0.81128,                0.54061,                0.08138,                0.51351,                0.35858,                0.37587,                0.22643,                0.73631,                0.56294,                0.07767,                 0.0001,                 0.0001,                 0.0001
                     40,                0.81043,                0.53828,                0.08074,                0.51878,                0.36125,                0.37982,                0.22932,                0.73362,                0.56316,                0.07696,                 0.0001,                 0.0001,                 0.0001
                     41,                0.80258,                0.53879,                0.07941,                0.53186,                0.36088,                0.38098,                0.22982,                0.73092,                0.56259,                0.07641,                 0.0001,                 0.0001,                 0.0001
                     42,                0.80361,                0.53676,                0.07948,                0.53029,                0.36192,                0.38302,                0.23116,                0.72823,                0.56246,                 0.0758,                 0.0001,                 0.0001,                 0.0001
                     43,                0.80018,                0.53764,                0.07917,                0.53271,                0.36473,                0.38454,                0.23276,                0.72688,                0.56184,                0.07561,                 0.0001,                 0.0001,                 0.0001
                     44,                0.79884,                0.53755,                0.07869,                0.53244,                0.36575,                0.38488,                0.23295,                0.72567,                0.56154,                0.07561,                 0.0001,                 0.0001,                 0.0001
                     45,                0.79635,                0.53721,                0.07885,                0.53191,                0.37043,                0.38809,                0.23476,                0.72297,                0.56125,                0.07504,                 0.0001,                 0.0001,                 0.0001
                     46,                0.79903,                0.53569,                0.07862,                0.54001,                0.36969,                 0.3895,                 0.2353,                0.72125,                0.56106,                0.07494,                 0.0001,                 0.0001,                 0.0001
                     47,                 0.7956,                0.53632,                0.07779,                0.53733,                0.37323,                0.39059,                0.23584,                0.71965,                0.56136,                0.07467,                 0.0001,                 0.0001,                 0.0001
                     48,                0.78537,                0.53919,                0.07753,                0.54068,                0.37248,                0.39295,                0.23766,                 0.7181,                0.56049,                 0.0744,                 0.0001,                 0.0001,                 0.0001
                     49,                0.78826,                  0.536,                 0.0765,                0.54074,                0.37378,                0.39387,                  0.238,                0.71639,                0.56032,                0.07444,                 0.0001,                 0.0001,                 0.0001
                     50,                0.78539,                0.53645,                0.07739,                0.54905,                0.37657,                0.39674,                0.24015,                0.71498,                0.55998,                0.07447,                 0.0001,                 0.0001,                 0.0001
                     51,                0.78426,                0.53543,                0.07562,                0.54666,                0.37821,                0.39801,                 0.2412,                0.71387,                0.55977,                0.07438,                 0.0001,                 0.0001,                 0.0001
                     52,                0.78603,                0.53547,                0.07642,                0.54658,                0.37912,                0.39966,                0.24232,                0.71242,                 0.5596,                0.07411,                 0.0001,                 0.0001,                 0.0001
                     53,                0.78318,                0.53462,                0.07606,                0.54477,                0.38331,                0.40187,                0.24404,                0.71021,                0.55896,                0.07361,                 0.0001,                 0.0001,                 0.0001
                     54,                0.78127,                0.53405,                0.07462,                0.54192,                0.38696,                0.40268,                0.24472,                0.70871,                0.55944,                0.07318,                 0.0001,                 0.0001,                 0.0001
                     55,                0.78136,                0.53231,                 0.0749,                0.54447,                0.38534,                0.40338,                0.24512,                0.70755,                0.55914,                0.07314,                 0.0001,                 0.0001,                 0.0001
                     56,                0.77467,                0.53443,                 0.0735,                0.54932,                0.38684,                0.40609,                0.24684,                 0.7062,                0.55939,                 0.0728,                 0.0001,                 0.0001,                 0.0001
                     57,                0.77379,                0.53461,                0.07469,                0.54516,                0.38835,                0.40663,                0.24698,                0.70439,                0.55876,                0.07272,                 0.0001,                 0.0001,                 0.0001
                     58,                0.77101,                0.53457,                0.07402,                0.55412,                0.38749,                0.40826,                 0.2483,                0.70377,                0.55812,                0.07298,                 0.0001,                 0.0001,                 0.0001
                     59,                0.77047,                0.53262,                0.07364,                0.55119,                0.38931,                0.40845,                0.24846,                0.70249,                0.55823,                0.07275,                 0.0001,                 0.0001,                 0.0001
                     60,                0.76668,                0.53281,                0.07345,                0.55276,                0.39192,                0.41009,                0.24946,                0.70089,                0.55783,                0.07257,                 0.0001,                 0.0001,                 0.0001
                     61,                0.76657,                0.53336,                0.07419,                0.55265,                0.39623,                0.41214,                0.25028,                0.70011,                0.55768,                0.07282,                 0.0001,                 0.0001,                 0.0001
                     62,                0.76872,                 0.5326,                0.07312,                0.55704,                0.39752,                0.41481,                0.25234,                0.69879,                0.55752,                0.07231,                 0.0001,                 0.0001,                 0.0001
                     63,                0.76361,                0.53171,                0.07262,                0.55943,                0.39783,                0.41636,                0.25346,                0.69823,                0.55727,                0.07224,                 0.0001,                 0.0001,                 0.0001
                     64,                0.76577,                 0.5324,                0.07319,                0.55113,                 0.4027,                0.41683,                0.25371,                0.69706,                 0.5572,                0.07216,                 0.0001,                 0.0001,                 0.0001
                     65,                0.76256,                0.53308,                0.07266,                0.55262,                0.40336,                0.41744,                0.25382,                0.69632,                0.55712,                0.07204,                 0.0001,                 0.0001,                 0.0001
                     66,                0.75853,                0.53237,                0.07237,                0.55661,                0.40075,                0.41801,                0.25415,                0.69467,                0.55671,                0.07159,                 0.0001,                 0.0001,                 0.0001
                     67,                0.75915,                0.53168,                0.07189,                0.55707,                0.40227,                0.41935,                0.25536,                0.69403,                0.55631,                0.07135,                 0.0001,                 0.0001,                 0.0001
                     68,                0.75361,                0.53155,                 0.0708,                0.55535,                0.40679,                0.42083,                0.25629,                0.69316,                0.55595,                0.07127,                 0.0001,                 0.0001,                 0.0001
                     69,                 0.7536,                0.53184,                0.07196,                0.55718,                0.40527,                 0.4212,                0.25668,                0.69232,                0.55565,                0.07127,                 0.0001,                 0.0001,                 0.0001
                     70,                0.75448,                0.53188,                0.07137,                0.56535,                0.40444,                0.42386,                0.25856,                0.69152,                0.55508,                0.07117,                 0.0001,                 0.0001,                 0.0001
                     71,                0.75152,                0.53078,                0.07192,                0.56997,                0.40607,                0.42461,                0.25988,                0.69004,                0.55497,                0.07114,                 0.0001,                 0.0001,                 0.0001
                     72,                0.74411,                0.53336,                0.07066,                0.56741,                0.41033,                0.42557,                0.26005,                0.68833,                0.55599,                0.07076,                 0.0001,                 0.0001,                 0.0001
                     73,                0.74625,                0.53087,                0.07063,                0.57159,                0.41074,                0.42756,                0.26178,                0.68803,                0.55583,                0.07072,                 0.0001,                 0.0001,                 0.0001
                     74,                0.74802,                0.52977,                0.07076,                0.57281,                0.40971,                0.42881,                0.26283,                0.68708,                0.55513,                0.07054,                 0.0001,                 0.0001,                 0.0001
                     75,                0.74857,                0.52959,                0.07081,                0.57712,                0.40958,                0.42958,                0.26314,                0.68625,                0.55518,                 0.0705,                 0.0001,                 0.0001,                 0.0001
                     76,                0.74059,                0.53037,                0.06975,                0.57514,                0.41065,                0.43131,                0.26397,                 0.6857,                0.55537,                0.07036,                 0.0001,                 0.0001,                 0.0001
                     77,                0.74233,                0.52894,                0.06938,                0.57503,                0.41368,                0.43325,                0.26475,                 0.6843,                0.55536,                0.07027,                 0.0001,                 0.0001,                 0.0001
                     78,                0.74278,                 0.5279,                0.06931,                0.57656,                0.41345,                0.43391,                0.26513,                 0.6833,                 0.5557,                 0.0702,                 0.0001,                 0.0001,                 0.0001
                     79,                0.74429,                0.52791,                0.07024,                0.57851,                0.41613,                0.43495,                 0.2659,                0.68232,                0.55591,                0.07008,                 0.0001,                 0.0001,                 0.0001
                     80,                0.74017,                0.52816,                0.06989,                0.58111,                0.41763,                0.43533,                0.26617,                0.68174,                0.55576,                0.06996,                 0.0001,                 0.0001,                 0.0001
                     81,                0.74001,                0.52846,                0.07009,                0.58223,                0.41482,                0.43471,                0.26574,                0.68029,                0.55589,                0.06982,                 0.0001,                 0.0001,                 0.0001
                     82,                0.73909,                0.52922,                0.06937,                 0.5778,                0.41504,                0.43579,                0.26626,                0.67887,                 0.5565,                0.06948,                 0.0001,                 0.0001,                 0.0001
                     83,                0.73476,                0.52794,                0.06945,                0.57728,                0.41638,                0.43662,                0.26702,                0.67888,                0.55591,                0.06967,                 0.0001,                 0.0001,                 0.0001
                     84,                0.73763,                0.52788,                0.06898,                0.58067,                0.41777,                0.43832,                0.26824,                0.67718,                0.55645,                0.06955,                 0.0001,                 0.0001,                 0.0001
                     85,                 0.7341,                0.52766,                 0.0682,                0.57735,                0.42165,                0.44064,                 0.2696,                0.67526,                0.55622,                0.06913,                 0.0001,                 0.0001,                 0.0001
                     86,                0.73354,                0.52842,                0.06798,                0.57558,                0.42123,                   0.44,                0.26933,                0.67459,                0.55652,                0.06906,                 0.0001,                 0.0001,                 0.0001
                     87,                0.72964,                0.52867,                0.06795,                0.58229,                0.41966,                0.44164,                0.27077,                0.67409,                0.55645,                0.06873,                 0.0001,                 0.0001,                 0.0001
                     88,                 0.7352,                0.52643,                0.06839,                0.58656,                0.42036,                0.44306,                 0.2721,                0.67359,                0.55635,                0.06866,                 0.0001,                 0.0001,                 0.0001
                     89,                0.72856,                  0.528,                0.06803,                0.58517,                0.42192,                0.44283,                 0.2718,                0.67309,                0.55646,                 0.0687,                 0.0001,                 0.0001,                 0.0001
                     90,                0.72611,                0.52829,                0.06795,                0.58292,                0.42203,                0.44382,                0.27234,                0.67223,                0.55638,                0.06829,                 0.0001,                 0.0001,                 0.0001
                     91,                0.72826,                0.52645,                0.06881,                0.58606,                0.42399,                0.44523,                0.27348,                 0.6716,                0.55566,                0.06828,                 0.0001,                 0.0001,                 0.0001
                     92,                0.72627,                0.52602,                0.06787,                0.58027,                0.42628,                0.44504,                0.27332,                0.67134,                0.55529,                0.06847,                 0.0001,                 0.0001,                 0.0001
                     93,                0.72867,                0.52575,                0.06738,                 0.5828,                0.42699,                0.44577,                0.27326,                0.67051,                0.55547,                0.06838,                 0.0001,                 0.0001,                 0.0001
                     94,                0.72676,                0.52515,                0.06708,                0.58502,                0.42466,                0.44682,                0.27417,                0.66948,                0.55555,                0.06807,                 0.0001,                 0.0001,                 0.0001
                     95,                0.72374,                0.52631,                0.06655,                0.58253,                0.42574,                 0.4468,                0.27436,                0.66887,                0.55553,                0.06814,                 0.0001,                 0.0001,                 0.0001
                     96,                0.72698,                0.52487,                0.06743,                0.58795,                 0.4259,                 0.4486,                0.27571,                0.66764,                0.55593,                0.06788,                 0.0001,                 0.0001,                 0.0001
                     97,                0.72284,                0.52461,                0.06743,                0.59234,                0.42627,                0.44928,                0.27634,                0.66716,                 0.5555,                0.06787,                 0.0001,                 0.0001,                 0.0001
                     98,                0.72461,                0.52463,                0.06764,                0.58914,                0.42803,                 0.4496,                0.27638,                0.66663,                0.55507,                0.06783,                 0.0001,                 0.0001,                 0.0001
                     99,                0.72548,                0.52363,                0.06725,                0.58932,                0.42715,                0.44937,                0.27616,                 0.6661,                0.55476,                0.06796,                 0.0001,                 0.0001,                 0.0001
                    100,                0.72495,                0.52383,                0.06674,                0.59388,                 0.4277,                0.45125,                0.27736,                0.66577,                0.55507,                0.06781,                 0.0001,                 0.0001,                 0.0001
                    101,                0.71617,                0.52645,                0.06615,                0.59335,                0.42777,                0.45043,                0.27708,                  0.666,                0.55457,                0.06782,                 0.0001,                 0.0001,                 0.0001
                    102,                0.72201,                0.52486,                 0.0663,                0.59617,                0.42811,                0.45262,                  0.278,                0.66545,                0.55461,                0.06783,                 0.0001,                 0.0001,                 0.0001
                    103,                0.71229,                0.52417,                0.06598,                0.59162,                0.43182,                0.45239,                0.27863,                0.66411,                0.55505,                0.06782,                 0.0001,                 0.0001,                 0.0001
                    104,                0.71688,                0.52527,                0.06613,                0.59789,                0.43029,                0.45271,                0.27862,                0.66332,                 0.5554,                0.06752,                 0.0001,                 0.0001,                 0.0001
                    105,                0.71151,                0.52395,                0.06566,                0.59756,                0.43035,                 0.4524,                 0.2784,                0.66316,                0.55499,                0.06756,                 0.0001,                 0.0001,                 0.0001
                    106,                0.71068,                0.52465,                0.06534,                0.59684,                0.43067,                0.45207,                0.27827,                0.66353,                0.55464,                0.06763,                 0.0001,                 0.0001,                 0.0001
                    107,                0.71805,                0.52216,                0.06624,                    0.6,                0.43393,                  0.454,                0.27955,                0.66319,                0.55473,                0.06761,                 0.0001,                 0.0001,                 0.0001
                    108,                0.71582,                 0.5236,                0.06623,                0.59401,                0.43506,                0.45316,                 0.2791,                0.66287,                  0.555,                0.06765,                 0.0001,                 0.0001,                 0.0001
                    109,                0.71267,                0.52236,                0.06493,                0.59549,                0.43349,                0.45285,                0.27887,                0.66288,                0.55474,                0.06765,                 0.0001,                 0.0001,                 0.0001
                    110,                0.71117,                 0.5221,                0.06622,                 0.5948,                0.43681,                0.45422,                0.27942,                0.66192,                0.55481,                0.06748,                 0.0001,                 0.0001,                 0.0001
                    111,                0.70967,                0.52253,                0.06543,                0.59829,                 0.4378,                0.45545,                0.28041,                0.66246,                0.55484,                0.06754,                 0.0001,                 0.0001,                 0.0001
                    112,                0.71039,                0.52288,                0.06487,                0.59869,                0.44045,                0.45638,                0.28084,                0.66189,                0.55505,                0.06744,                 0.0001,                 0.0001,                 0.0001
                    113,                 0.7107,                0.52262,                0.06573,                0.59437,                0.44115,                0.45627,                0.28118,                0.66238,                0.55485,                 0.0676,                 0.0001,                 0.0001,                 0.0001
                    114,                0.71027,                0.52132,                0.06508,                0.59227,                0.44212,                0.45633,                0.28117,                 0.6616,                0.55424,                0.06777,                 0.0001,                 0.0001,                 0.0001
                    115,                0.70789,                0.52146,                0.06424,                0.59711,                 0.4407,                0.45639,                0.28144,                0.66101,                0.55438,                0.06774,                 0.0001,                 0.0001,                 0.0001
                    116,                0.70972,                0.52079,                0.06419,                0.59976,                  0.442,                0.45654,                0.28133,                 0.6607,                0.55414,                0.06776,                 0.0001,                 0.0001,                 0.0001
                    117,                 0.7044,                0.52192,                 0.0644,                0.59647,                0.44197,                0.45627,                0.28147,                0.65992,                0.55418,                 0.0675,                 0.0001,                 0.0001,                 0.0001
                    118,                0.70538,                0.52168,                0.06463,                0.58867,                0.44395,                0.45622,                0.28078,                0.65969,                0.55467,                0.06751,                 0.0001,                 0.0001,                 0.0001
                    119,                0.70539,                0.52044,                0.06425,                 0.5886,                0.44316,                0.45539,                0.28036,                 0.6597,                0.55464,                 0.0675,                 0.0001,                 0.0001,                 0.0001
                    120,                0.70348,                0.52023,                 0.0643,                0.59071,                0.44081,                0.45512,                0.28069,                0.65836,                0.55467,                0.06716,                 0.0001,                 0.0001,                 0.0001
                    121,                0.70241,                0.52161,                0.06419,                 0.5916,                0.44002,                0.45517,                0.28071,                  0.658,                0.55509,                0.06712,                 0.0001,                 0.0001,                 0.0001
                    122,                0.70384,                0.52149,                0.06375,                0.59251,                0.44093,                0.45762,                0.28201,                0.65695,                0.55494,                0.06697,                 0.0001,                 0.0001,                 0.0001
                    123,                0.70507,                0.51799,                0.06372,                0.59499,                 0.4436,                0.45816,                 0.2822,                0.65621,                 0.5551,                0.06685,                 0.0001,                 0.0001,                 0.0001
                    124,                0.70001,                0.52081,                0.06341,                0.59545,                 0.4438,                0.45895,                0.28243,                0.65588,                0.55485,                0.06696,                 0.0001,                 0.0001,                 0.0001
                    125,                0.70276,                0.52008,                0.06394,                0.59277,                0.44519,                 0.4601,                0.28311,                 0.6552,                 0.5553,                0.06685,                 0.0001,                 0.0001,                 0.0001
                    126,                0.69722,                0.52054,                0.06309,                0.59358,                0.44663,                0.45993,                0.28307,                0.65606,                0.55442,                0.06697,                 0.0001,                 0.0001,                 0.0001
                    127,                0.70224,                0.52024,                0.06307,                0.59478,                0.44729,                0.45981,                0.28378,                0.65466,                0.55528,                0.06642,                 0.0001,                 0.0001,                 0.0001
                    128,                0.69784,                0.51982,                0.06297,                0.59731,                0.44651,                0.46096,                0.28446,                0.65391,                0.55546,                0.06619,                 0.0001,                 0.0001,                 0.0001
                    129,                0.69725,                  0.519,                0.06306,                0.59638,                0.44768,                0.46188,                0.28536,                0.65364,                0.55558,                0.06618,                 0.0001,                 0.0001,                 0.0001
                    130,                0.69875,                0.51903,                 0.0634,                0.60384,                0.44327,                0.46134,                0.28534,                0.65439,                0.55542,                 0.0662,                 0.0001,                 0.0001,                 0.0001
                    131,                0.70038,                0.52028,                0.06337,                0.60524,                0.44244,                0.46119,                0.28484,                0.65388,                 0.5554,                0.06634,                 0.0001,                 0.0001,                 0.0001
                    132,                 0.6935,                0.51945,                0.06326,                0.60226,                0.44434,                0.46214,                0.28529,                0.65326,                0.55551,                0.06638,                 0.0001,                 0.0001,                 0.0001
                    133,                0.69913,                0.51866,                0.06358,                0.60363,                0.44662,                0.46266,                0.28511,                0.65326,                 0.5556,                0.06632,                 0.0001,                 0.0001,                 0.0001
                    134,                0.69402,                0.51864,                0.06287,                0.60102,                0.44818,                0.46148,                0.28435,                0.65258,                0.55536,                0.06604,                 0.0001,                 0.0001,                 0.0001
                    135,                0.69234,                0.51711,                0.06404,                0.60512,                0.44745,                0.46263,                0.28549,                0.65208,                0.55514,                0.06585,                 0.0001,                 0.0001,                 0.0001
                    136,                0.69875,                0.51717,                0.06318,                0.60659,                0.44691,                0.46363,                0.28571,                0.65173,                 0.5557,                 0.0659,                 0.0001,                 0.0001,                 0.0001
                    137,                0.69201,                0.51598,                0.06269,                0.60967,                0.44634,                0.46419,                0.28593,                0.65261,                0.55539,                0.06609,                 0.0001,                 0.0001,                 0.0001
                    138,                0.69493,                0.51631,                0.06215,                0.60609,                0.44785,                0.46366,                0.28544,                0.65178,                0.55598,                0.06621,                 0.0001,                 0.0001,                 0.0001
                    139,                0.69463,                0.51684,                0.06309,                0.60405,                0.45033,                0.46452,                0.28646,                0.65111,                0.55658,                0.06626,                 0.0001,                 0.0001,                 0.0001
                    140,                0.69121,                0.51593,                0.06232,                0.60041,                0.45394,                  0.465,                 0.2866,                0.65112,                0.55658,                0.06641,                 0.0001,                 0.0001,                 0.0001
                    141,                0.69205,                0.51587,                0.06249,                0.60213,                0.45171,                0.46478,                0.28664,                0.65047,                0.55674,                 0.0661,                 0.0001,                 0.0001,                 0.0001
                    142,                0.69141,                0.51803,                0.06236,                0.60289,                0.45065,                0.46509,                0.28627,                 0.6504,                 0.5562,                0.06609,                 0.0001,                 0.0001,                 0.0001
                    143,                0.69053,                0.51667,                0.06164,                 0.6068,                0.44899,                0.46524,                0.28663,                0.65038,                 0.5562,                0.06606,                 0.0001,                 0.0001,                 0.0001
                    144,                0.68768,                0.51537,                0.06177,                0.60527,                0.44968,                 0.4655,                0.28693,                0.64953,                0.55643,                0.06588,                 0.0001,                 0.0001,                 0.0001
                    145,                0.68901,                0.51552,                0.06172,                0.60263,                0.45136,                0.46496,                0.28689,                 0.6487,                0.55686,                 0.0657,                 0.0001,                 0.0001,                 0.0001
                    146,                0.69116,                0.51517,                0.06162,                 0.6082,                0.45121,                0.46556,                0.28729,                0.64858,                0.55693,                0.06554,                 0.0001,                 0.0001,                 0.0001
                    147,                0.68554,                 0.5158,                0.06167,                0.60598,                0.45129,                0.46638,                0.28748,                 0.6489,                0.55639,                 0.0658,                 0.0001,                 0.0001,                 0.0001
                    148,                0.68667,                0.51516,                0.06129,                0.61142,                0.45067,                 0.4668,                0.28788,                0.64862,                0.55669,                0.06562,                 0.0001,                 0.0001,                 0.0001
                    149,                 0.6847,                0.51519,                0.06121,                0.60921,                0.45023,                0.46568,                0.28691,                0.64833,                0.55653,                0.06553,                 0.0001,                 0.0001,                 0.0001
                    150,                0.68911,                0.51477,                0.06186,                0.60998,                0.45015,                0.46623,                0.28729,                0.64847,                0.55577,                0.06553,                 0.0001,                 0.0001,                 0.0001
